source,spd_score,best_solint,RA,DEC
P50980/scalarphasediff0_skyselfcalcyle000_L686962_P50980_spd.ms.phaseup.h5,0.0568401555474818,0.1276092759423103,241.53168,55.359886
P50980/scalarphasediff0_skyselfcalcyle000_L769393_P50980_spd.ms.phaseup.h5,0.0602288755855564,0.1432814509139132,241.53168,55.359886
P40952/scalarphasediff0_skyselfcalcyle000_L686962_P40952_spd.ms.phaseup.h5,0.0616517382492575,0.1501325732344745,242.51154,55.87861
P40952/scalarphasediff0_skyselfcalcyle000_L769393_P40952_spd.ms.phaseup.h5,0.0698156411655121,0.1925366277270224,242.51154,55.87861
P35307/scalarphasediff0_skyselfcalcyle000_L686962_P35307_spd.ms.phaseup.h5,0.1322855683276079,0.6916890058521202,243.05128,55.384346
P35307/scalarphasediff0_skyselfcalcyle000_L769393_P35307_spd.ms.phaseup.h5,0.1338054923264869,0.7076894642305965,243.05128,55.384346
P35307/scalarphasediff0_skyselfcalcyle000_L816272_P35307_spd.ms.phaseup.h5,0.1564720763536966,0.9680851583451076,243.05128,55.384346
P27648/scalarphasediff0_skyselfcalcyle000_L686962_P27648_spd.ms.phaseup.h5,0.1689352345032237,1.128677269520847,243.78152,55.761303
P50716/scalarphasediff0_skyselfcalcyle000_L686962_P50716_spd.ms.phaseup.h5,0.1745360041374846,1.204874433228314,241.59805,54.098885
P50716/scalarphasediff0_skyselfcalcyle000_L769393_P50716_spd.ms.phaseup.h5,0.1747190100146492,1.20740636657911,241.59805,54.098885
P27648/scalarphasediff0_skyselfcalcyle000_L769393_P27648_spd.ms.phaseup.h5,0.1755481968973477,1.218911835015681,243.78152,55.761303
P35307/scalarphasediff0_skyselfcalcyle000_L798074_P35307_spd.ms.phaseup.h5,0.1897929151170915,1.425129614601183,243.05128,55.384346
P50980/scalarphasediff0_skyselfcalcyle000_L816272_P50980_spd.ms.phaseup.h5,0.2408813453874421,2.2981942242399853,241.53168,55.359886
P50980/scalarphasediff0_skyselfcalcyle000_L798074_P50980_spd.ms.phaseup.h5,0.27930690901236,3.093043809194244,241.53168,55.359886
P40952/scalarphasediff0_skyselfcalcyle000_L816272_P40952_spd.ms.phaseup.h5,0.3060643115312307,3.717022815754456,242.51154,55.87861
P40952/scalarphasediff0_skyselfcalcyle000_L798074_P40952_spd.ms.phaseup.h5,0.3339859377154162,4.43019498583199,242.51154,55.87861
P22459/scalarphasediff0_skyselfcalcyle000_L769393_P22459_spd.ms.phaseup.h5,0.3510513647094139,4.897422763848001,244.29231,55.29629
P54920/scalarphasediff0_skyselfcalcyle000_L769393_P54920_spd.ms.phaseup.h5,0.3903770177580594,6.065181657448627,241.09135,55.095917
P22459/scalarphasediff0_skyselfcalcyle000_L686962_P22459_spd.ms.phaseup.h5,0.3985154124069867,6.3227893526568835,244.29231,55.29629
P54920/scalarphasediff0_skyselfcalcyle000_L686962_P54920_spd.ms.phaseup.h5,0.442065268551681,7.794870775764763,241.09135,55.095917
P31553/scalarphasediff0_skyselfcalcyle000_L769393_P31553_spd.ms.phaseup.h5,0.4576254581067807,8.359298898361164,243.38034,54.455025
P31553/scalarphasediff0_skyselfcalcyle000_L686962_P31553_spd.ms.phaseup.h5,0.4660696270666057,8.674128781732149,243.38034,54.455025
P27648/scalarphasediff0_skyselfcalcyle000_L798074_P27648_spd.ms.phaseup.h5,0.5218255323504947,10.904666860421653,243.78152,55.761303
P27648/scalarphasediff0_skyselfcalcyle000_L816272_P27648_spd.ms.phaseup.h5,0.5419596470274625,11.77547550400292,243.78152,55.761303
P44832/scalarphasediff0_skyselfcalcyle000_L769393_P44832_spd.ms.phaseup.h5,0.6821595555832718,18.824257614062574,242.14249,55.544846
P52238/scalarphasediff0_skyselfcalcyle000_L769393_P52238_spd.ms.phaseup.h5,0.6874425905999045,19.124257211391175,241.40973,54.6563
P54920/scalarphasediff0_skyselfcalcyle000_L816272_P54920_spd.ms.phaseup.h5,0.6893535059366012,19.23339666576599,241.09135,55.095917
P22459/scalarphasediff0_skyselfcalcyle000_L798074_P22459_spd.ms.phaseup.h5,0.6907369286239496,19.312617258347903,244.29231,55.29629
P54920/scalarphasediff0_skyselfcalcyle000_L798074_P54920_spd.ms.phaseup.h5,0.6945775497290684,19.53346484385623,241.09135,55.095917
P31553/scalarphasediff0_skyselfcalcyle000_L798074_P31553_spd.ms.phaseup.h5,0.7060473411436466,20.20106296817702,243.38034,54.455025
P31553/scalarphasediff0_skyselfcalcyle000_L816272_P31553_spd.ms.phaseup.h5,0.7160080927572763,20.790648485026303,243.38034,54.455025
P52238/scalarphasediff0_skyselfcalcyle000_L686962_P52238_spd.ms.phaseup.h5,0.7359098133202467,21.996158490171673,241.40973,54.6563
P50716/scalarphasediff0_skyselfcalcyle000_L798074_P50716_spd.ms.phaseup.h5,0.760047584257293,23.50786769395475,241.59805,54.098885
P51272/scalarphasediff0_skyselfcalcyle000_L686962_P51272_spd.ms.phaseup.h5,0.7745595463557391,24.44314126995222,241.54022,54.05709
P53426/scalarphasediff0_skyselfcalcyle000_L686962_P53426_spd.ms.phaseup.h5,0.7878658880304886,25.318290138846496,241.22804,55.997147
P53426/scalarphasediff0_skyselfcalcyle000_L769393_P53426_spd.ms.phaseup.h5,0.8092364142226062,26.759284047314654,241.22804,55.997147
P22459/scalarphasediff0_skyselfcalcyle000_L816272_P22459_spd.ms.phaseup.h5,0.8172083638157079,27.30810015281516,244.29231,55.29629
P44832/scalarphasediff0_skyselfcalcyle000_L798074_P44832_spd.ms.phaseup.h5,0.8261169851578277,27.928695529392797,242.14249,55.544846
P50716/scalarphasediff0_skyselfcalcyle000_L816272_P50716_spd.ms.phaseup.h5,0.8639798640083227,30.653042535385023,241.59805,54.098885
P51272/scalarphasediff0_skyselfcalcyle000_L769393_P51272_spd.ms.phaseup.h5,0.8794581007576519,31.807630343237797,241.54022,54.05709
P52238/scalarphasediff0_skyselfcalcyle000_L798074_P52238_spd.ms.phaseup.h5,0.9122734568972044,34.335180970107416,241.40973,54.6563
P52238/scalarphasediff0_skyselfcalcyle000_L816272_P52238_spd.ms.phaseup.h5,0.9589648977055152,38.1216371856296,241.40973,54.6563
P24227/scalarphasediff0_skyselfcalcyle000_L686962_P24227_spd.ms.phaseup.h5,0.9704116857928718,39.08461178324592,244.09738,54.960716
P24227/scalarphasediff0_skyselfcalcyle000_L769393_P24227_spd.ms.phaseup.h5,1.0006118216950597,41.69198573848317,244.09738,54.960716
P44832/scalarphasediff0_skyselfcalcyle000_L816272_P44832_spd.ms.phaseup.h5,1.0255940721047312,43.9230577980445,242.14249,55.544846
P22181/scalarphasediff0_skyselfcalcyle000_L686962_P22181_spd.ms.phaseup.h5,1.0927736191296258,50.26480358140575,244.31802,55.26303
P45240/scalarphasediff0_skyselfcalcyle000_L686962_P45240_spd.ms.phaseup.h5,1.097046362064227,50.685392512489194,242.08633,56.232155
P44832/scalarphasediff0_skyselfcalcyle000_L686962_P44832_spd.ms.phaseup.h5,1.1036494252607991,51.33949655944105,242.14249,55.544846
P53426/scalarphasediff0_skyselfcalcyle000_L798074_P53426_spd.ms.phaseup.h5,1.148416157394508,55.90811702080856,241.22804,55.997147
P24227/scalarphasediff0_skyselfcalcyle000_L798074_P24227_spd.ms.phaseup.h5,1.148826088960753,55.95104480901312,244.09738,54.960716
P17010/scalarphasediff0_skyselfcalcyle000_L686962_P17010_spd.ms.phaseup.h5,1.1662727009131828,57.7967093367589,244.83398,54.804844
P53426/scalarphasediff0_skyselfcalcyle000_L816272_P53426_spd.ms.phaseup.h5,1.1703271665367496,58.23088017151255,241.22804,55.997147
P24227/scalarphasediff0_skyselfcalcyle000_L816272_P24227_spd.ms.phaseup.h5,1.2161295129333098,63.27555713788656,244.09738,54.960716
P22181/scalarphasediff0_skyselfcalcyle000_L769393_P22181_spd.ms.phaseup.h5,1.230545502988296,64.91743485498041,244.31802,55.26303
P17010/scalarphasediff0_skyselfcalcyle000_L769393_P17010_spd.ms.phaseup.h5,1.2624278997072846,68.64287506635665,244.83398,54.804844
P37145/scalarphasediff0_skyselfcalcyle000_L686962_P37145_spd.ms.phaseup.h5,1.2698327695134743,69.52698137463268,242.87299,54.76851
P45240/scalarphasediff0_skyselfcalcyle000_L769393_P45240_spd.ms.phaseup.h5,1.2828993942871785,71.1046603782201,242.08633,56.232155
P51272/scalarphasediff0_skyselfcalcyle000_L798074_P51272_spd.ms.phaseup.h5,1.3255350354495952,76.41149047144732,241.54022,54.05709
P22181/scalarphasediff0_skyselfcalcyle000_L798074_P22181_spd.ms.phaseup.h5,1.3466792824233391,79.13558820568056,244.31802,55.26303
P37145/scalarphasediff0_skyselfcalcyle000_L816272_P37145_spd.ms.phaseup.h5,1.375309571596557,82.92436413897015,242.87299,54.76851
P37145/scalarphasediff0_skyselfcalcyle000_L769393_P37145_spd.ms.phaseup.h5,1.406233182043673,87.14936743314163,242.87299,54.76851
P37145/scalarphasediff0_skyselfcalcyle000_L798074_P37145_spd.ms.phaseup.h5,1.4469711991651988,92.9324286450708,242.87299,54.76851
P34825/scalarphasediff0_skyselfcalcyle000_L798074_P34825_spd.ms.phaseup.h5,1.4545278962069752,94.03300040795052,243.09824,55.432026
P37686/scalarphasediff0_skyselfcalcyle000_L769393_P37686_spd.ms.phaseup.h5,1.4738873225517937,96.89319031990703,242.81935,53.73866
P51272/scalarphasediff0_skyselfcalcyle000_L816272_P51272_spd.ms.phaseup.h5,1.480298007230067,97.85334491447378,241.54022,54.05709
P34825/scalarphasediff0_skyselfcalcyle000_L686962_P34825_spd.ms.phaseup.h5,1.48266193702644,98.2090520383425,243.09824,55.432026
P17010/scalarphasediff0_skyselfcalcyle000_L798074_P17010_spd.ms.phaseup.h5,1.4933066224624856,99.82188656051856,244.83398,54.804844
P37686/scalarphasediff0_skyselfcalcyle000_L686962_P37686_spd.ms.phaseup.h5,1.4934976419839043,99.85099562417103,242.81935,53.73866
P34825/scalarphasediff0_skyselfcalcyle000_L769393_P34825_spd.ms.phaseup.h5,1.4937346844044548,99.88712622142758,243.09824,55.432026
P57108/scalarphasediff0_skyselfcalcyle000_L769393_P57108_spd.ms.phaseup.h5,1.508717438863704,102.1893628315148,240.89687,54.08733
P34825/scalarphasediff0_skyselfcalcyle000_L816272_P34825_spd.ms.phaseup.h5,1.5151975912580156,103.19648289261411,243.09824,55.432026
P22181/scalarphasediff0_skyselfcalcyle000_L816272_P22181_spd.ms.phaseup.h5,1.5409684065380098,107.27085527886578,244.31802,55.26303
P20075/scalarphasediff0_skyselfcalcyle000_L686962_P20075_spd.ms.phaseup.h5,1.564904180969012,111.1561274797597,244.56325,55.897484
P17565/scalarphasediff0_skyselfcalcyle000_L686962_P17565_spd.ms.phaseup.h5,1.5757781589216595,112.9540478930905,244.75253,54.493572
P17010/scalarphasediff0_skyselfcalcyle000_L816272_P17010_spd.ms.phaseup.h5,1.6018230153836477,117.3456785684488,244.83398,54.804844
P16883/scalarphasediff0_skyselfcalcyle000_L686962_P16883_spd.ms.phaseup.h5,1.627952773699559,121.87551438854872,244.87376,55.220917
P17565/scalarphasediff0_skyselfcalcyle000_L769393_P17565_spd.ms.phaseup.h5,1.6728144254485242,129.9531353665405,244.75253,54.493572
P48367/scalarphasediff0_skyselfcalcyle000_L686962_P48367_spd.ms.phaseup.h5,1.702791502293808,135.5709635310076,241.84001,53.777573
P46921/scalarphasediff0_skyselfcalcyle000_L686962_P46921_spd.ms.phaseup.h5,1.7142269341400045,137.76215901159057,241.93665,55.811535
P48367/scalarphasediff0_skyselfcalcyle000_L769393_P48367_spd.ms.phaseup.h5,1.7218002485543231,139.22825261525915,241.84001,53.777573
P20075/scalarphasediff0_skyselfcalcyle000_L769393_P20075_spd.ms.phaseup.h5,1.7474588635666293,144.28557509515107,244.56325,55.897484
P51372/scalarphasediff0_skyselfcalcyle000_L686962_P51372_spd.ms.phaseup.h5,1.8117959655129856,157.60518386001635,241.49994,54.901543
P50735/scalarphasediff0_skyselfcalcyle000_L686962_P50735_spd.ms.phaseup.h5,1.8272887590169329,160.95560890226764,241.59235,54.226864
P46921/scalarphasediff0_skyselfcalcyle000_L769393_P46921_spd.ms.phaseup.h5,1.8301085510565769,161.57160550818227,241.93665,55.811535
P57108/scalarphasediff0_skyselfcalcyle000_L686962_P57108_spd.ms.phaseup.h5,1.8450186503229344,164.86100457104237,240.89687,54.08733
P51372/scalarphasediff0_skyselfcalcyle000_L769393_P51372_spd.ms.phaseup.h5,1.8782976354489656,172.40311160936088,241.49994,54.901543
P45240/scalarphasediff0_skyselfcalcyle000_L816272_P45240_spd.ms.phaseup.h5,1.8884914469704035,174.7702705269986,242.08633,56.232155
P16883/scalarphasediff0_skyselfcalcyle000_L769393_P16883_spd.ms.phaseup.h5,1.9146092332560736,180.96122706678207,244.87376,55.220917
P45240/scalarphasediff0_skyselfcalcyle000_L798074_P45240_spd.ms.phaseup.h5,1.914884001171787,181.02733924091115,242.08633,56.232155
P50735/scalarphasediff0_skyselfcalcyle000_L769393_P50735_spd.ms.phaseup.h5,1.9259183465093923,183.69952948957783,241.59235,54.226864
P51372/scalarphasediff0_skyselfcalcyle000_L798074_P51372_spd.ms.phaseup.h5,1.9529482487288603,190.3900498508148,241.49994,54.901543
P17565/scalarphasediff0_skyselfcalcyle000_L798074_P17565_spd.ms.phaseup.h5,1.9665668766641464,193.840932875088,244.75253,54.493572
P23872/scalarphasediff0_skyselfcalcyle000_L686962_P23872_spd.ms.phaseup.h5,1.9679274339892023,194.1886996101034,244.16396,55.757137
P51372/scalarphasediff0_skyselfcalcyle000_L816272_P51372_spd.ms.phaseup.h5,1.9762098506607857,196.31767530573333,241.49994,54.901543
P20075/scalarphasediff0_skyselfcalcyle000_L798074_P20075_spd.ms.phaseup.h5,1.996425855634411,201.60167596982976,244.56325,55.897484
P20075/scalarphasediff0_skyselfcalcyle000_L816272_P20075_spd.ms.phaseup.h5,2.0247605999291767,209.223322103564,244.56325,55.897484
P34557/scalarphasediff0_skyselfcalcyle000_L798074_P34557_spd.ms.phaseup.h5,2.0355630787326113,212.1975102485269,243.1207,55.110386
P34557/scalarphasediff0_skyselfcalcyle000_L686962_P34557_spd.ms.phaseup.h5,2.0406172225382027,213.60234690315627,243.1207,55.110386
P46921/scalarphasediff0_skyselfcalcyle000_L798074_P46921_spd.ms.phaseup.h5,2.0820750138206106,225.45682779320717,241.93665,55.811535
P23872/scalarphasediff0_skyselfcalcyle000_L769393_P23872_spd.ms.phaseup.h5,2.0895224501317213,227.6508834351543,244.16396,55.757137
P34557/scalarphasediff0_skyselfcalcyle000_L816272_P34557_spd.ms.phaseup.h5,2.0916832316556344,228.29125271917408,243.1207,55.110386
P57108/scalarphasediff0_skyselfcalcyle000_L798074_P57108_spd.ms.phaseup.h5,2.092395151251428,228.50261302398536,240.89687,54.08733
P37686/scalarphasediff0_skyselfcalcyle000_L798074_P37686_spd.ms.phaseup.h5,2.124987696532856,238.38278747807365,242.81935,53.73866
P50892/scalarphasediff0_skyselfcalcyle000_L686962_P50892_spd.ms.phaseup.h5,2.135761572974768,241.73897247426592,241.52518,55.900024
P17565/scalarphasediff0_skyselfcalcyle000_L816272_P17565_spd.ms.phaseup.h5,2.135943689955607,241.79609963409655,244.75253,54.493572
P46921/scalarphasediff0_skyselfcalcyle000_L816272_P46921_spd.ms.phaseup.h5,2.160582049824683,249.64880963944813,241.93665,55.811535
P57108/scalarphasediff0_skyselfcalcyle000_L816272_P57108_spd.ms.phaseup.h5,2.1614613006122325,249.9336707908541,240.89687,54.08733
P34557/scalarphasediff0_skyselfcalcyle000_L769393_P34557_spd.ms.phaseup.h5,2.1655734051851825,251.27023246800303,243.1207,55.110386
P50735/scalarphasediff0_skyselfcalcyle000_L798074_P50735_spd.ms.phaseup.h5,2.179141574229273,255.7313627188303,241.59235,54.226864
P38540/scalarphasediff0_skyselfcalcyle000_L798074_P38540_spd.ms.phaseup.h5,2.1943469696122064,260.82597472541715,242.7405,55.591095
P50735/scalarphasediff0_skyselfcalcyle000_L816272_P50735_spd.ms.phaseup.h5,2.2191090846548955,269.3458132974865,241.59235,54.226864
P50892/scalarphasediff0_skyselfcalcyle000_L769393_P50892_spd.ms.phaseup.h5,2.2532599580012276,281.5737803814724,241.52518,55.900024
P19951/scalarphasediff0_skyselfcalcyle000_L686962_P19951_spd.ms.phaseup.h5,2.256275992836744,282.6815012878606,244.50336,54.44647
P38540/scalarphasediff0_skyselfcalcyle000_L686962_P38540_spd.ms.phaseup.h5,2.258064225900548,283.3404701848302,242.7405,55.591095
P38540/scalarphasediff0_skyselfcalcyle000_L769393_P38540_spd.ms.phaseup.h5,2.25839223095106,283.46151870562863,242.7405,55.591095
P37686/scalarphasediff0_skyselfcalcyle000_L816272_P37686_spd.ms.phaseup.h5,2.2666082463551627,286.51170718710546,242.81935,53.73866
P31933/scalarphasediff0_skyselfcalcyle000_L686962_P31933_spd.ms.phaseup.h5,2.2705521766055123,287.98837580223875,243.36592,55.866123
P17645/scalarphasediff0_skyselfcalcyle000_L686962_P17645_spd.ms.phaseup.h5,2.28263721691212,292.5645597481786,244.74753,54.879543
P16883/scalarphasediff0_skyselfcalcyle000_L816272_P16883_spd.ms.phaseup.h5,2.2895553878563875,295.21969025730687,244.87376,55.220917
P31933/scalarphasediff0_skyselfcalcyle000_L798074_P31933_spd.ms.phaseup.h5,2.3020383981049983,300.0774554306707,243.36592,55.866123
P23872/scalarphasediff0_skyselfcalcyle000_L798074_P23872_spd.ms.phaseup.h5,2.3025024369820266,300.25972122345166,244.16396,55.757137
P31933/scalarphasediff0_skyselfcalcyle000_L769393_P31933_spd.ms.phaseup.h5,2.3410874101492434,315.8551652453453,243.36592,55.866123
P16883/scalarphasediff0_skyselfcalcyle000_L798074_P16883_spd.ms.phaseup.h5,2.3442002098247925,317.1525037481497,244.87376,55.220917
P38540/scalarphasediff0_skyselfcalcyle000_L816272_P38540_spd.ms.phaseup.h5,2.3547453413149992,321.5928080716144,242.7405,55.591095
P58902/scalarphasediff0_skyselfcalcyle000_L686962_P58902_spd.ms.phaseup.h5,2.359651489635518,323.6829088384436,240.63585,54.901848
P41028/scalarphasediff0_skyselfcalcyle000_L686962_P41028_spd.ms.phaseup.h5,2.3600253776402567,323.8428308624811,242.49542,55.007393
P29603/scalarphasediff0_skyselfcalcyle000_L769393_P29603_spd.ms.phaseup.h5,2.3717400208219264,328.9000329019781,243.58961,55.614105
P23872/scalarphasediff0_skyselfcalcyle000_L816272_P23872_spd.ms.phaseup.h5,2.3884762780083384,336.28539334707745,244.16396,55.757137
P31933/scalarphasediff0_skyselfcalcyle000_L816272_P31933_spd.ms.phaseup.h5,2.402320582687016,342.54241911152,243.36592,55.866123
P41028/scalarphasediff0_skyselfcalcyle000_L769393_P41028_spd.ms.phaseup.h5,2.406047285129812,344.25028282406635,242.49542,55.007393
P41028/scalarphasediff0_skyselfcalcyle000_L816272_P41028_spd.ms.phaseup.h5,2.411308720355037,346.6788377535132,242.49542,55.007393
P48367/scalarphasediff0_skyselfcalcyle000_L798074_P48367_spd.ms.phaseup.h5,2.4217831888855836,351.57516850248265,241.84001,53.777573
P58902/scalarphasediff0_skyselfcalcyle000_L798074_P58902_spd.ms.phaseup.h5,2.433549916842168,357.17578309032183,240.63585,54.901848
P23167/scalarphasediff0_skyselfcalcyle000_L769393_P23167_spd.ms.phaseup.h5,2.44713586767955,363.7785996447768,244.16821,53.970383
P19951/scalarphasediff0_skyselfcalcyle000_L769393_P19951_spd.ms.phaseup.h5,2.484092744750221,382.5239792421577,244.50336,54.44647
P17340/scalarphasediff0_skyselfcalcyle000_L686962_P17340_spd.ms.phaseup.h5,2.5129748057765644,398.03664736649,244.83209,55.5991
P29603/scalarphasediff0_skyselfcalcyle000_L686962_P29603_spd.ms.phaseup.h5,2.5213509406117636,402.6880948925332,243.58961,55.614105
P50892/scalarphasediff0_skyselfcalcyle000_L798074_P50892_spd.ms.phaseup.h5,2.532688667487723,409.0991376641263,241.52518,55.900024
P52695/scalarphasediff0_skyselfcalcyle000_L686962_P52695_spd.ms.phaseup.h5,2.539293632614842,412.8966828948364,241.31435,55.93092
P18696/scalarphasediff0_skyselfcalcyle000_L686962_P18696_spd.ms.phaseup.h5,2.5831554338046816,439.369583075973,244.63739,54.529552
P45283/scalarphasediff0_skyselfcalcyle000_L769393_P45283_spd.ms.phaseup.h5,2.6007133018739945,450.62735196673657,242.11804,54.1753
P99999/scalarphasediff0_skyselfcalcyle000_L686962_P99999_spd.ms.phaseup.h5,2.6090547940131636,456.1193698715947,244.0989,55.451298
P51570/scalarphasediff0_skyselfcalcyle000_L686962_P51570_spd.ms.phaseup.h5,2.6136427458560876,459.1809911706413,241.47095,55.17634
P48367/scalarphasediff0_skyselfcalcyle000_L816272_P48367_spd.ms.phaseup.h5,2.6238988785009525,466.1332061841072,241.84001,53.777573
P41028/scalarphasediff0_skyselfcalcyle000_L798074_P41028_spd.ms.phaseup.h5,2.627840907655091,468.846049130751,242.49542,55.007393
P47136/scalarphasediff0_skyselfcalcyle000_L686962_P47136_spd.ms.phaseup.h5,2.6306810548547297,470.8149093250202,241.93552,54.83945
P23167/scalarphasediff0_skyselfcalcyle000_L686962_P23167_spd.ms.phaseup.h5,2.6338558336130986,473.0301193619073,244.16821,53.970383
P19951/scalarphasediff0_skyselfcalcyle000_L816272_P19951_spd.ms.phaseup.h5,2.6426920440705075,479.27706366113966,244.50336,54.44647
P58902/scalarphasediff0_skyselfcalcyle000_L769393_P58902_spd.ms.phaseup.h5,2.657422668289134,489.96725016501733,240.63585,54.901848
P52695/scalarphasediff0_skyselfcalcyle000_L769393_P52695_spd.ms.phaseup.h5,2.6731752819918557,501.801847889136,241.31435,55.93092
P58902/scalarphasediff0_skyselfcalcyle000_L816272_P58902_spd.ms.phaseup.h5,2.676548662762595,504.3928900406284,240.63585,54.901848
P20753/scalarphasediff0_skyselfcalcyle000_L769393_P20753_spd.ms.phaseup.h5,2.683082618789653,509.47049604036545,244.50775,56.247852
P29603/scalarphasediff0_skyselfcalcyle000_L816272_P29603_spd.ms.phaseup.h5,2.6974688025838027,520.9341552161172,243.58961,55.614105
P57537/scalarphasediff0_skyselfcalcyle000_L798074_P57537_spd.ms.phaseup.h5,2.7015753260159414,524.2807843175433,240.81688,54.53334
P34797/scalarphasediff0_skyselfcalcyle000_L798074_P34797_spd.ms.phaseup.h5,2.701803497918266,524.4677293625954,243.10345,55.910316
P36710/scalarphasediff0_skyselfcalcyle000_L816272_P36710_spd.ms.phaseup.h5,2.709329303093918,530.693536243658,242.90912,53.991398
P43350/scalarphasediff0_skyselfcalcyle000_L798074_P43350_spd.ms.phaseup.h5,2.710804877890119,531.9280232181331,242.28497,53.90706
P17645/scalarphasediff0_skyselfcalcyle000_L769393_P17645_spd.ms.phaseup.h5,2.7125790258141067,533.4183909071407,244.74753,54.879543
P17340/scalarphasediff0_skyselfcalcyle000_L769393_P17340_spd.ms.phaseup.h5,2.7135719521688015,534.2554170010063,244.83209,55.5991
P37570/scalarphasediff0_skyselfcalcyle000_L798074_P37570_spd.ms.phaseup.h5,2.718769412713561,538.6714541864128,242.83202,55.47957
P57537/scalarphasediff0_skyselfcalcyle000_L816272_P57537_spd.ms.phaseup.h5,2.7195414430017326,539.3324270706861,240.81688,54.53334
P45283/scalarphasediff0_skyselfcalcyle000_L686962_P45283_spd.ms.phaseup.h5,2.725131781078252,544.1580029523351,242.11804,54.1753
P22135/scalarphasediff0_skyselfcalcyle000_L769393_P22135_spd.ms.phaseup.h5,2.7264883715007513,545.3395824473957,244.35052,55.936317
P43350/scalarphasediff0_skyselfcalcyle000_L686962_P43350_spd.ms.phaseup.h5,2.7288457586319677,547.4028155906426,242.28497,53.90706
P23167/scalarphasediff0_skyselfcalcyle000_L816272_P23167_spd.ms.phaseup.h5,2.7294117203986907,547.9000533925857,244.16821,53.970383
P43350/scalarphasediff0_skyselfcalcyle000_L769393_P43350_spd.ms.phaseup.h5,2.7366915913253855,554.3625008002142,242.28497,53.90706
P20753/scalarphasediff0_skyselfcalcyle000_L798074_P20753_spd.ms.phaseup.h5,2.7396205285935356,556.9980227518636,244.50775,56.247852
P51449/scalarphasediff0_skyselfcalcyle000_L686962_P51449_spd.ms.phaseup.h5,2.7403377997199443,557.646596572297,241.51295,53.803524
P25671/scalarphasediff0_skyselfcalcyle000_L798074_P25671_spd.ms.phaseup.h5,2.745488772231469,562.3412593300021,243.90775,53.779564
P47136/scalarphasediff0_skyselfcalcyle000_L769393_P47136_spd.ms.phaseup.h5,2.7482254459770954,564.8623248131083,241.93552,54.83945
P52047/scalarphasediff0_skyselfcalcyle000_L798074_P52047_spd.ms.phaseup.h5,2.751532540562723,567.9341806530347,241.42654,54.778763
P25671/scalarphasediff0_skyselfcalcyle000_L769393_P25671_spd.ms.phaseup.h5,2.751889578234449,568.2674963178854,243.90775,53.779564
P18696/scalarphasediff0_skyselfcalcyle000_L769393_P18696_spd.ms.phaseup.h5,2.751965013945287,568.3379620172617,244.63739,54.529552
P17340/scalarphasediff0_skyselfcalcyle000_L798074_P17340_spd.ms.phaseup.h5,2.7537002182277996,569.9629063363973,244.83209,55.5991
P52978/scalarphasediff0_skyselfcalcyle000_L686962_P52978_spd.ms.phaseup.h5,2.7591292042541258,575.0978375620219,241.29634,55.64919
P43443/scalarphasediff0_skyselfcalcyle000_L686962_P43443_spd.ms.phaseup.h5,2.7660038088896957,581.7135457204204,242.2656,56.178883
P38451/scalarphasediff0_skyselfcalcyle000_L798074_P38451_spd.ms.phaseup.h5,2.7675180765524106,583.188241673849,242.75125,54.701157
P38451/scalarphasediff0_skyselfcalcyle000_L769393_P38451_spd.ms.phaseup.h5,2.7692230052780347,584.8562932982252,242.75125,54.701157
P29603/scalarphasediff0_skyselfcalcyle000_L798074_P29603_spd.ms.phaseup.h5,2.77223533381887,587.8235642024475,243.58961,55.614105
P41054/scalarphasediff0_skyselfcalcyle000_L798074_P41054_spd.ms.phaseup.h5,2.772860116817631,588.442246731119,242.50952,54.277065
P34797/scalarphasediff0_skyselfcalcyle000_L686962_P34797_spd.ms.phaseup.h5,2.784266353824742,599.938495376639,243.10345,55.910316
P99998/scalarphasediff0_skyselfcalcyle000_L816272_P99998_spd.ms.phaseup.h5,2.7923724887537373,608.3495025363342,243.2815,56.132496
P22135/scalarphasediff0_skyselfcalcyle000_L798074_P22135_spd.ms.phaseup.h5,2.80092929426878,617.4570229471595,244.35052,55.936317
P46169/scalarphasediff0_skyselfcalcyle000_L686962_P46169_spd.ms.phaseup.h5,2.804791550109303,621.6479437081923,241.99933,56.104183
P19951/scalarphasediff0_skyselfcalcyle000_L798074_P19951_spd.ms.phaseup.h5,2.8051716918875393,622.0631948683573,244.50336,54.44647
P54450/scalarphasediff0_skyselfcalcyle000_L798074_P54450_spd.ms.phaseup.h5,2.8108203870075124,628.2930423942062,241.167,54.528248
P29640/scalarphasediff0_skyselfcalcyle000_L686962_P29640_spd.ms.phaseup.h5,2.8128356326177144,630.5430183856321,243.555,54.069767
P16362/scalarphasediff0_skyselfcalcyle000_L686962_P16362_spd.ms.phaseup.h5,2.8198927617136182,638.5391398956206,244.8469,54.010803
P30078/scalarphasediff0_skyselfcalcyle000_L769393_P30078_spd.ms.phaseup.h5,2.824053538349576,643.3411696654688,243.51001,54.739265
P20753/scalarphasediff0_skyselfcalcyle000_L686962_P20753_spd.ms.phaseup.h5,2.826768113372996,646.5101785082559,244.50775,56.247852
P34344/scalarphasediff0_skyselfcalcyle000_L686962_P34344_spd.ms.phaseup.h5,2.8285647903387923,648.623579037453,243.12967,54.30074
P30374/scalarphasediff0_skyselfcalcyle000_L769393_P30374_spd.ms.phaseup.h5,2.8297015740009903,649.967399578506,243.52597,56.15734
P51299/scalarphasediff0_skyselfcalcyle000_L798074_P51299_spd.ms.phaseup.h5,2.8424062891497273,665.3482111394774,241.52383,54.469135
P46169/scalarphasediff0_skyselfcalcyle000_L798074_P46169_spd.ms.phaseup.h5,2.842726325759479,665.7445148246129,241.99933,56.104183
P23167/scalarphasediff0_skyselfcalcyle000_L798074_P23167_spd.ms.phaseup.h5,2.8429247765378234,665.9904828759674,244.16821,53.970383
P52978/scalarphasediff0_skyselfcalcyle000_L798074_P52978_spd.ms.phaseup.h5,2.84628321983582,670.179423873348,241.29634,55.64919
P36710/scalarphasediff0_skyselfcalcyle000_L686962_P36710_spd.ms.phaseup.h5,2.8478173079308085,672.1096163554131,242.90912,53.991398
P54450/scalarphasediff0_skyselfcalcyle000_L769393_P54450_spd.ms.phaseup.h5,2.850279621765537,675.2300254604394,241.167,54.528248
P29623/scalarphasediff0_skyselfcalcyle000_L798074_P29623_spd.ms.phaseup.h5,2.8514854097990567,676.7682328792712,243.56592,54.72464
P44004/scalarphasediff0_skyselfcalcyle000_L686962_P44004_spd.ms.phaseup.h5,2.8539930479115467,679.9888705876665,242.19891,56.18861
P32270/scalarphasediff0_skyselfcalcyle000_L686962_P32270_spd.ms.phaseup.h5,2.8548007203875834,681.0324882373457,243.3233,56.02129
P99998/scalarphasediff0_skyselfcalcyle000_L798074_P99998_spd.ms.phaseup.h5,2.855241200788553,681.602950607317,243.2815,56.132496
P50311/scalarphasediff0_skyselfcalcyle000_L816272_P50311_spd.ms.phaseup.h5,2.8564480480557704,683.1706723572227,241.64323,53.896904
P32881/scalarphasediff0_skyselfcalcyle000_L769393_P32881_spd.ms.phaseup.h5,2.8569026347384874,683.7630018601527,243.2818,55.99541
P99999/scalarphasediff0_skyselfcalcyle000_L769393_P99999_spd.ms.phaseup.h5,2.8637489575034785,692.8060968988071,244.0989,55.451298
P38451/scalarphasediff0_skyselfcalcyle000_L816272_P38451_spd.ms.phaseup.h5,2.866868102882601,697.0040328229376,242.75125,54.701157
P47136/scalarphasediff0_skyselfcalcyle000_L798074_P47136_spd.ms.phaseup.h5,2.8788280346931203,713.577440289299,241.93552,54.83945
P32881/scalarphasediff0_skyselfcalcyle000_L816272_P32881_spd.ms.phaseup.h5,2.878901326460258,713.6814253684981,243.2818,55.99541
P46169/scalarphasediff0_skyselfcalcyle000_L769393_P46169_spd.ms.phaseup.h5,2.8842462887521583,721.3478180538193,241.99933,56.104183
P57537/scalarphasediff0_skyselfcalcyle000_L686962_P57537_spd.ms.phaseup.h5,2.88630609825649,724.3468357695142,240.81688,54.53334
P16362/scalarphasediff0_skyselfcalcyle000_L816272_P16362_spd.ms.phaseup.h5,2.886499533821065,724.6297712235881,244.8469,54.010803
P16362/scalarphasediff0_skyselfcalcyle000_L769393_P16362_spd.ms.phaseup.h5,2.8967390811686946,739.9361805408453,244.8469,54.010803
P18696/scalarphasediff0_skyselfcalcyle000_L816272_P18696_spd.ms.phaseup.h5,2.8970405389442067,740.3968846390081,244.63739,54.529552
P50372/scalarphasediff0_skyselfcalcyle000_L798074_P50372_spd.ms.phaseup.h5,2.8989411010170665,743.3151460718769,241.6406,53.937923
P30374/scalarphasediff0_skyselfcalcyle000_L798074_P30374_spd.ms.phaseup.h5,2.901861160580778,747.845617177701,243.52597,56.15734
P37570/scalarphasediff0_skyselfcalcyle000_L686962_P37570_spd.ms.phaseup.h5,2.9054896045487144,753.5560114109683,242.83202,55.47957
P43443/scalarphasediff0_skyselfcalcyle000_L816272_P43443_spd.ms.phaseup.h5,2.9059162884064036,754.2335245754241,242.2656,56.178883
P51299/scalarphasediff0_skyselfcalcyle000_L816272_P51299_spd.ms.phaseup.h5,2.906786154882162,755.6187167052111,241.52383,54.469135
P37570/scalarphasediff0_skyselfcalcyle000_L816272_P37570_spd.ms.phaseup.h5,2.9089472727160333,759.0833961576664,242.83202,55.47957
P31630/scalarphasediff0_skyselfcalcyle000_L686962_P31630_spd.ms.phaseup.h5,2.9095328676854395,760.0279894601597,243.3988,56.1606
P36710/scalarphasediff0_skyselfcalcyle000_L798074_P36710_spd.ms.phaseup.h5,2.9099439356425485,760.6925462331275,242.90912,53.991398
P25671/scalarphasediff0_skyselfcalcyle000_L686962_P25671_spd.ms.phaseup.h5,2.913435288963115,766.3868717405292,243.90775,53.779564
P54826/scalarphasediff0_skyselfcalcyle000_L798074_P54826_spd.ms.phaseup.h5,2.9146930632849397,768.4605259894553,241.14645,53.994007
P52047/scalarphasediff0_skyselfcalcyle000_L769393_P52047_spd.ms.phaseup.h5,2.915182923056149,769.2713807611103,241.42654,54.778763
P54450/scalarphasediff0_skyselfcalcyle000_L686962_P54450_spd.ms.phaseup.h5,2.9166611407704703,771.7293520124394,241.167,54.528248
P34344/scalarphasediff0_skyselfcalcyle000_L816272_P34344_spd.ms.phaseup.h5,2.9214039143832258,779.7305309686692,243.12967,54.30074
P50372/scalarphasediff0_skyselfcalcyle000_L769393_P50372_spd.ms.phaseup.h5,2.9233660302386193,783.0931843299882,241.6406,53.937923
P23733/scalarphasediff0_skyselfcalcyle000_L816272_P23733_spd.ms.phaseup.h5,2.925606906642932,786.9722008484978,244.16959,55.67134
P43443/scalarphasediff0_skyselfcalcyle000_L798074_P43443_spd.ms.phaseup.h5,2.9259109079732335,787.5016520801047,242.2656,56.178883
P50892/scalarphasediff0_skyselfcalcyle000_L816272_P50892_spd.ms.phaseup.h5,2.9267171672469563,788.9096005846376,241.52518,55.900024
P43350/scalarphasediff0_skyselfcalcyle000_L816272_P43350_spd.ms.phaseup.h5,2.9280551568145667,791.2582399418965,242.28497,53.90706
P18225/scalarphasediff0_skyselfcalcyle000_L686962_P18225_spd.ms.phaseup.h5,2.929211432925085,793.3002432638954,244.65262,53.8616
P45283/scalarphasediff0_skyselfcalcyle000_L816272_P45283_spd.ms.phaseup.h5,2.929547636197491,793.8961490182312,242.11804,54.1753
P54450/scalarphasediff0_skyselfcalcyle000_L816272_P54450_spd.ms.phaseup.h5,2.937157492877461,807.6528552995314,241.167,54.528248
P32270/scalarphasediff0_skyselfcalcyle000_L816272_P32270_spd.ms.phaseup.h5,2.938767221541311,810.6308055353722,243.3233,56.02129
P43479/scalarphasediff0_skyselfcalcyle000_L816272_P43479_spd.ms.phaseup.h5,2.9559822961327584,844.09926350947,242.26288,56.22136
P52695/scalarphasediff0_skyselfcalcyle000_L798074_P52695_spd.ms.phaseup.h5,2.958725036517521,849.7264364800778,241.31435,55.93092
P41054/scalarphasediff0_skyselfcalcyle000_L816272_P41054_spd.ms.phaseup.h5,2.9601308256564107,852.6444935694034,242.50952,54.277065
P50311/scalarphasediff0_skyselfcalcyle000_L686962_P50311_spd.ms.phaseup.h5,2.962446684759146,857.5028499951201,241.64323,53.896904
P34344/scalarphasediff0_skyselfcalcyle000_L769393_P34344_spd.ms.phaseup.h5,2.9635829733041965,859.9103653612322,243.12967,54.30074
P53334/scalarphasediff0_skyselfcalcyle000_L816272_P53334_spd.ms.phaseup.h5,2.9651701547639644,863.299864753376,241.27142,55.012676
P44004/scalarphasediff0_skyselfcalcyle000_L769393_P44004_spd.ms.phaseup.h5,2.965731026131218,864.5051522272576,242.19891,56.18861
P34797/scalarphasediff0_skyselfcalcyle000_L769393_P34797_spd.ms.phaseup.h5,2.966077656335634,865.252027244176,243.10345,55.910316
P30078/scalarphasediff0_skyselfcalcyle000_L816272_P30078_spd.ms.phaseup.h5,2.966712211271628,866.6232324973398,243.51001,54.739265
P29640/scalarphasediff0_skyselfcalcyle000_L816272_P29640_spd.ms.phaseup.h5,2.9739990849138733,882.7471367086348,243.555,54.069767
P20753/scalarphasediff0_skyselfcalcyle000_L816272_P20753_spd.ms.phaseup.h5,2.9741517688532872,883.0926560495176,244.50775,56.247852
P17645/scalarphasediff0_skyselfcalcyle000_L798074_P17645_spd.ms.phaseup.h5,2.974971632626938,884.9535454280788,244.74753,54.879543
P18225/scalarphasediff0_skyselfcalcyle000_L798074_P18225_spd.ms.phaseup.h5,2.975483589025054,886.1203445805036,244.65262,53.8616
P17515/scalarphasediff0_skyselfcalcyle000_L686962_P17515_spd.ms.phaseup.h5,2.9775106604004495,890.7768416667756,244.73724,53.991684
P99998/scalarphasediff0_skyselfcalcyle000_L769393_P99998_spd.ms.phaseup.h5,2.9779922671245846,891.8918643901711,243.2815,56.132496
P32881/scalarphasediff0_skyselfcalcyle000_L798074_P32881_spd.ms.phaseup.h5,2.97810426252935,892.1516414174984,243.2818,55.99541
P52047/scalarphasediff0_skyselfcalcyle000_L686962_P52047_spd.ms.phaseup.h5,2.983587074437223,905.098046900937,241.42654,54.778763
P54363/scalarphasediff0_skyselfcalcyle000_L816272_P54363_spd.ms.phaseup.h5,2.983718765803915,905.4146543317976,241.17068,54.64182
P32881/scalarphasediff0_skyselfcalcyle000_L686962_P32881_spd.ms.phaseup.h5,2.988443380609976,916.9564741118415,243.2818,55.99541
P32270/scalarphasediff0_skyselfcalcyle000_L798074_P32270_spd.ms.phaseup.h5,2.9897450011994477,920.2004864180408,243.3233,56.02129
P17645/scalarphasediff0_skyselfcalcyle000_L816272_P17645_spd.ms.phaseup.h5,2.9897513523271733,920.2163851093102,244.74753,54.879543
P25722/scalarphasediff0_skyselfcalcyle000_L686962_P25722_spd.ms.phaseup.h5,2.992424485456134,926.9693010172406,243.95642,55.27988
P18996/scalarphasediff0_skyselfcalcyle000_L798074_P18996_spd.ms.phaseup.h5,2.9940723630203014,931.1943201876744,244.64194,55.29757
P23733/scalarphasediff0_skyselfcalcyle000_L686962_P23733_spd.ms.phaseup.h5,2.994285915826328,931.7453905062196,244.16959,55.67134
P31630/scalarphasediff0_skyselfcalcyle000_L769393_P31630_spd.ms.phaseup.h5,2.99507716767127,933.7943691478708,243.3988,56.1606
P58431/scalarphasediff0_skyselfcalcyle000_L798074_P58431_spd.ms.phaseup.h5,2.99681193463767,938.3265954078914,240.64915,55.777775
P22135/scalarphasediff0_skyselfcalcyle000_L816272_P22135_spd.ms.phaseup.h5,2.9972495599240445,939.4787200522554,244.35052,55.936317
P29623/scalarphasediff0_skyselfcalcyle000_L686962_P29623_spd.ms.phaseup.h5,2.9991263390689133,944.4605912776484,243.56592,54.72464
P30374/scalarphasediff0_skyselfcalcyle000_L816272_P30374_spd.ms.phaseup.h5,2.9994894732362924,945.4322827081412,243.52597,56.15734
P51570/scalarphasediff0_skyselfcalcyle000_L769393_P51570_spd.ms.phaseup.h5,3.0024630170845072,953.4860264721806,241.47095,55.17634
P54826/scalarphasediff0_skyselfcalcyle000_L769393_P54826_spd.ms.phaseup.h5,3.003866704143754,957.3493013529636,241.14645,53.994007
P25722/scalarphasediff0_skyselfcalcyle000_L798074_P25722_spd.ms.phaseup.h5,3.0048809548811253,960.1659185172632,243.95642,55.27988
P30807/scalarphasediff0_skyselfcalcyle000_L769393_P30807_spd.ms.phaseup.h5,3.005517759953133,961.9453015386372,243.4466,54.234283
P58431/scalarphasediff0_skyselfcalcyle000_L816272_P58431_spd.ms.phaseup.h5,3.009624257088475,973.6284940525616,240.64915,55.777775
P31630/scalarphasediff0_skyselfcalcyle000_L816272_P31630_spd.ms.phaseup.h5,3.012060882976779,980.7378637152322,243.3988,56.1606
P58431/scalarphasediff0_skyselfcalcyle000_L686962_P58431_spd.ms.phaseup.h5,3.012558988983994,982.2080124339586,240.64915,55.777775
P18996/scalarphasediff0_skyselfcalcyle000_L769393_P18996_spd.ms.phaseup.h5,3.019491211625976,1003.292366973582,244.64194,55.29757
P44004/scalarphasediff0_skyselfcalcyle000_L798074_P44004_spd.ms.phaseup.h5,3.020574509972436,1006.6972939912926,242.19891,56.18861
P18696/scalarphasediff0_skyselfcalcyle000_L798074_P18696_spd.ms.phaseup.h5,3.027246607008007,1028.3793963722992,244.63739,54.529552
P29640/scalarphasediff0_skyselfcalcyle000_L798074_P29640_spd.ms.phaseup.h5,3.027368917797442,1028.788803297716,243.555,54.069767
P32270/scalarphasediff0_skyselfcalcyle000_L769393_P32270_spd.ms.phaseup.h5,3.0276447332226564,1029.7136735314732,243.3233,56.02129
P51299/scalarphasediff0_skyselfcalcyle000_L769393_P51299_spd.ms.phaseup.h5,3.0289436109669094,1034.099993128605,241.52383,54.469135
P17340/scalarphasediff0_skyselfcalcyle000_L816272_P17340_spd.ms.phaseup.h5,3.029151117067156,1034.8055140575393,244.83209,55.5991
P29640/scalarphasediff0_skyselfcalcyle000_L769393_P29640_spd.ms.phaseup.h5,3.0311383753531063,1041.630164792232,243.555,54.069767
P30807/scalarphasediff0_skyselfcalcyle000_L686962_P30807_spd.ms.phaseup.h5,3.036874567363857,1062.054113169515,243.4466,54.234283
P52978/scalarphasediff0_skyselfcalcyle000_L769393_P52978_spd.ms.phaseup.h5,3.037118609180902,1062.9481068737002,241.29634,55.64919
P23733/scalarphasediff0_skyselfcalcyle000_L769393_P23733_spd.ms.phaseup.h5,3.0395572399745427,1072.0000014884247,244.16959,55.67134
P54363/scalarphasediff0_skyselfcalcyle000_L798074_P54363_spd.ms.phaseup.h5,3.0423189669852784,1082.5207516276378,241.17068,54.64182
P99998/scalarphasediff0_skyselfcalcyle000_L686962_P99998_spd.ms.phaseup.h5,3.0439327130044154,1088.806913065325,243.2815,56.132496
P50372/scalarphasediff0_skyselfcalcyle000_L686962_P50372_spd.ms.phaseup.h5,3.0473770473911532,1102.584610326961,241.6406,53.937923
P34344/scalarphasediff0_skyselfcalcyle000_L798074_P34344_spd.ms.phaseup.h5,3.0500037580659676,1113.4400788109954,243.12967,54.30074
P50372/scalarphasediff0_skyselfcalcyle000_L816272_P50372_spd.ms.phaseup.h5,3.0522077404878947,1122.7952533501998,241.6406,53.937923
P30078/scalarphasediff0_skyselfcalcyle000_L798074_P30078_spd.ms.phaseup.h5,3.053378532963559,1127.8605537540373,243.51001,54.739265
P30374/scalarphasediff0_skyselfcalcyle000_L686962_P30374_spd.ms.phaseup.h5,3.05526454244923,1136.1653737934582,243.52597,56.15734
P25671/scalarphasediff0_skyselfcalcyle000_L816272_P25671_spd.ms.phaseup.h5,3.0694857774411957,1205.4315200755636,243.90775,53.779564
P23733/scalarphasediff0_skyselfcalcyle000_L798074_P23733_spd.ms.phaseup.h5,3.073179466048616,1225.6950095956493,244.16959,55.67134
P25722/scalarphasediff0_skyselfcalcyle000_L816272_P25722_spd.ms.phaseup.h5,3.073952775355816,1230.0772917790648,243.95642,55.27988
P51449/scalarphasediff0_skyselfcalcyle000_L769393_P51449_spd.ms.phaseup.h5,3.0749563859654665,1235.8408236766452,241.51295,53.803524
P46169/scalarphasediff0_skyselfcalcyle000_L816272_P46169_spd.ms.phaseup.h5,3.078528077274923,1257.0888926574191,241.99933,56.104183
P18923/scalarphasediff0_skyselfcalcyle000_L798074_P18923_spd.ms.phaseup.h5,3.0830542990918848,1285.8337588396198,244.60773,54.428497
P53334/scalarphasediff0_skyselfcalcyle000_L798074_P53334_spd.ms.phaseup.h5,3.0889017845446345,1326.4864186487257,241.27142,55.012676
P52047/scalarphasediff0_skyselfcalcyle000_L816272_P52047_spd.ms.phaseup.h5,3.0935518639490662,1362.2064950366382,241.42654,54.778763
P47136/scalarphasediff0_skyselfcalcyle000_L816272_P47136_spd.ms.phaseup.h5,3.0976104926912265,1396.355796490085,241.93552,54.83945
P51449/scalarphasediff0_skyselfcalcyle000_L798074_P51449_spd.ms.phaseup.h5,3.098300231237745,1402.4734970701013,241.51295,53.803524
P37570/scalarphasediff0_skyselfcalcyle000_L769393_P37570_spd.ms.phaseup.h5,3.103252010071511,1449.507670740387,242.83202,55.47957
P18996/scalarphasediff0_skyselfcalcyle000_L816272_P18996_spd.ms.phaseup.h5,3.1043039714245144,1460.2854812179344,244.64194,55.29757
P99999/scalarphasediff0_skyselfcalcyle000_L816272_P99999_spd.ms.phaseup.h5,3.1043150349077955,1460.4004498857946,244.0989,55.451298
P51449/scalarphasediff0_skyselfcalcyle000_L816272_P51449_spd.ms.phaseup.h5,3.105415270077518,1472.0086831400392,241.51295,53.803524
P18923/scalarphasediff0_skyselfcalcyle000_L686962_P18923_spd.ms.phaseup.h5,3.113345388756201,1567.956163473153,244.60773,54.428497
P43479/scalarphasediff0_skyselfcalcyle000_L798074_P43479_spd.ms.phaseup.h5,3.1152626129232637,1595.231626772366,242.26288,56.22136
